Ref,Val,Package,PosX,PosY,Rot,Side
"C1","100nF","C_0603_1608Metric_Pad1.05x0.95mm_HandSolder",133.860540,-84.963000,270.000000,top
"C2","100nF","C_0603_1608Metric_Pad1.05x0.95mm_HandSolder",165.788340,-85.547200,270.000000,top
"C3","100nF","C_0603_1608Metric_Pad1.05x0.95mm_HandSolder",179.377340,-84.912200,270.000000,top
"C4","1uF","C_0805_2012Metric_Pad1.15x1.40mm_HandSolder",132.603240,-73.990200,270.000000,top
"R1","3k3","R_0805_2012Metric_Pad1.15x1.40mm_HandSolder",160.705800,-74.688700,0.000000,top
"U1","74LVC86","TSSOP-14_4.4x5mm_P0.65mm",137.670540,-84.963000,90.000000,top
"U2","74LVC574","TSSOP-20_4.4x6.5mm_P0.65mm",170.487340,-84.912200,90.000000,top
"U3","74LVC574","TSSOP-20_4.4x6.5mm_P0.65mm",183.822340,-84.912200,90.000000,top
"U4","TLV74333PDBVR","SOT-23-5_HandSoldering",128.793240,-73.990200,90.000000,top
